,statecounty,ruralurban
0,AL Autauga,0
1,AL Baldwin,0
2,AL Barbour,1
3,AL Bibb,1
4,AL Blount,1
5,AL Bullock,1
6,AL Butler,1
7,AL Calhoun,0
8,AL Chambers,0
9,AL Cherokee,1
10,AL Chilton,1
11,AL Choctaw,1
12,AL Clarke,1
13,AL Clay,1
14,AL Cleburne,1
15,AL Coffee,0
16,AL Colbert,0
17,AL Conecuh,1
18,AL Coosa,1
19,AL Covington,1
20,AL Crenshaw,1
21,AL Cullman,1
22,AL Dale,1
23,AL Dallas,0
24,AL DeKalb,1
25,AL Elmore,1
26,AL Escambia,1
27,AL Etowah,0
28,AL Fayette,1
29,AL Franklin,1
30,AL Geneva,1
31,AL Greene,1
32,AL Hale,1
33,AL Henry,1
34,AL Houston,0
35,AL Jackson,1
36,AL Jefferson,0
37,AL Lamar,1
38,AL Lauderdale,0
39,AL Lawrence,1
40,AL Lee,0
41,AL Limestone,1
42,AL Lowndes,1
43,AL Macon,1
44,AL Madison,0
45,AL Marengo,1
46,AL Marion,1
47,AL Marshall,1
48,AL Mobile,0
49,AL Monroe,1
50,AL Montgomery,0
51,AL Morgan,0
52,AL Perry,1
53,AL Pickens,1
54,AL Pike,1
55,AL Randolph,1
56,AL Russell,0
57,AL Saint Clair,1
58,AL Shelby,0
59,AL Sumter,1
60,AL Talladega,1
61,AL Tallapoosa,1
62,AL Tuscaloosa,0
63,AL Walker,1
64,AL Washington,1
65,AL Wilcox,1
66,AL Winston,1
67,AK Aleutians East ,1
68,AK Aleutians West Census Area,1
69,AK Anchorage,0
70,AK Bethel,1
71,AK Bristol Bay ,1
72,AK Denali,1
73,AK Dillingham Census Area,1
74,AK Fairbanks North Star,0
75,AK Haines,1
76,AK Hoonah-Angoon Census Area,1
77,AK Juneau City,0
78,AK Kenai Peninsula,1
79,AK Ketchikan Gateway,0
80,AK Kodiak Island,0
81,AK Kusilvak Census Area,1
82,AK Lake and Peninsula ,1
83,AK Matanuska-Susitna,1
84,AK Nome,1
85,AK North Slope ,1
86,AK Northwest Arctic,1
87,AK Petersburg Census Area,1
88,AK Prince of Wales-Hyder Census Area,1
89,AK Sitka City,0
90,AK Skagway Municipality,1
91,AK Southeast Fairbanks,1
92,AK Valdez-Cordova,1
93,AK Wrangell City and ,1
94,AK Yakutat City and ,1
95,AK Yukon-Koyukuk,1
96,AZ Apache,1
97,AZ Cochise,0
98,AZ Coconino,0
99,AZ Gila,0
100,AZ Graham,0
101,AZ Greenlee,0
102,AZ La Paz,1
103,AZ Maricopa,0
104,AZ Mohave,0
105,AZ Navajo,1
106,AZ Pima,0
107,AZ Pinal,0
108,AZ Santa Cruz,0
109,AZ Yavapai,0
110,AZ Yuma,0
111,AR Arkansas,0
112,AR Ashley,1
113,AR Baxter,1
114,AR Benton,0
115,AR Boone,1
116,AR Bradley,0
117,AR Calhoun,1
118,AR Carroll,1
119,AR Chicot,1
120,AR Clark,1
121,AR Clay,1
122,AR Cleburne,1
123,AR Cleveland,1
124,AR Columbia,1
125,AR Conway,1
126,AR Craighead,0
127,AR Crawford,1
128,AR Crittenden,0
129,AR Cross,1
130,AR Dallas,1
131,AR Desha,0
132,AR Drew,0
133,AR Faulkner,0
134,AR Franklin,1
135,AR Fulton,1
136,AR Garland,0
137,AR Grant,1
138,AR Greene,0
139,AR Hempstead,1
140,AR Hot Spring,1
141,AR Howard,1
142,AR Independence,1
143,AR Izard,1
144,AR Jackson,1
145,AR Jefferson,0
146,AR Johnson,1
147,AR Lafayette,1
148,AR Lawrence,1
149,AR Lee,1
150,AR Lincoln,1
151,AR Little River,1
152,AR Logan,1
153,AR Lonoke,0
154,AR Madison,1
155,AR Marion,1
156,AR Miller,0
157,AR Mississippi,0
158,AR Monroe,1
159,AR Montgomery,1
160,AR Nevada,1
161,AR Newton,1
162,AR Ouachita,1
163,AR Perry,1
164,AR Phillips,0
165,AR Pike,1
166,AR Poinsett,1
167,AR Polk,1
168,AR Pope,1
169,AR Prairie,1
170,AR Pulaski,0
171,AR Randolph,1
172,AR Saint Francis,1
173,AR Saline,0
174,AR Scott,1
175,AR Searcy,1
176,AR Sebastian,0
177,AR Sevier,1
178,AR Sharp,1
179,AR Stone,1
180,AR Union,1
181,AR Van Buren,1
182,AR Washington,0
183,AR White,1
184,AR Woodruff,1
185,AR Yell,1
186,CA Alameda,0
187,CA Alpine,1
188,CA Amador,1
189,CA Butte,0
190,CA Calaveras,1
191,CA Colusa,0
192,CA Contra Costa,0
193,CA Del Norte,0
194,CA El Dorado,0
195,CA Fresno,0
196,CA Glenn,0
197,CA Humboldt,0
198,CA Imperial,0
199,CA Inyo,0
200,CA Kern,0
201,CA Kings,0
202,CA Lake,0
203,CA Lassen,1
204,CA Los Angeles,0
205,CA Madera,0
206,CA Marin,0
207,CA Mariposa,1
208,CA Mendocino,0
209,CA Merced,0
210,CA Modoc,1
211,CA Mono,0
212,CA Monterey,0
213,CA Napa,0
214,CA Nevada,0
215,CA Orange,0
216,CA Placer,0
217,CA Plumas,1
218,CA Riverside,0
219,CA Sacramento,0
220,CA San Benito,0
221,CA San Bernardino,0
222,CA San Diego,0
223,CA San Francisco,0
224,CA San Joaquin,0
225,CA San Luis Obispo,0
226,CA San Mateo,0
227,CA Santa Barbara,0
228,CA Santa Clara,0
229,CA Santa Cruz,0
230,CA Shasta,0
231,CA Sierra,1
232,CA Siskiyou,1
233,CA Solano,0
234,CA Sonoma,0
235,CA Stanislaus,0
236,CA Sutter,0
237,CA Tehama,1
238,CA Trinity,1
239,CA Tulare,0
240,CA Tuolumne,0
241,CA Ventura,0
242,CA Yolo,0
243,CA Yuba,0
244,CO Adams,0
245,CO Alamosa,0
246,CO Arapahoe,0
247,CO Archuleta,1
248,CO Baca,1
249,CO Bent,0
250,CO Boulder,0
251,CO Broomfield,0
252,CO Chaffee,0
253,CO Cheyenne,1
254,CO Clear Creek,1
255,CO Conejos,1
256,CO Costilla,1
257,CO Crowley,1
258,CO Custer,1
259,CO Delta,1
260,CO Denver,0
261,CO Dolores,1
262,CO Douglas,0
263,CO Eagle,0
264,CO Elbert,1
265,CO El Paso,0
266,CO Fremont,0
267,CO Garfield,0
268,CO Gilpin,1
269,CO Grand,1
270,CO Gunnison,1
271,CO Hinsdale,1
272,CO Huerfano,1
273,CO Jackson,1
274,CO Jefferson,0
275,CO Kiowa,1
276,CO Kit Carson,0
277,CO Lake,0
278,CO La Plata,1
279,CO Larimer,0
280,CO Las Animas,0
281,CO Lincoln,1
282,CO Logan,0
283,CO Mesa,0
284,CO Mineral,1
285,CO Moffat,0
286,CO Montezuma,1
287,CO Montrose,0
288,CO Morgan,0
289,CO Otero,0
290,CO Ouray,1
291,CO Park,1
292,CO Phillips,1
293,CO Pitkin,0
294,CO Prowers,0
295,CO Pueblo,0
296,CO Rio Blanco,1
297,CO Rio Grande,1
298,CO Routt,0
299,CO Saguache,1
300,CO San Juan,1
301,CO San Miguel,1
302,CO Sedgwick,1
303,CO Summit,0
304,CO Teller,1
305,CO Washington,1
306,CO Weld,0
307,CO Yuma,1
308,CT Fairfield,0
309,CT Hartford,0
310,CT Litchfield,0
311,CT Middlesex,0
312,CT New Haven,0
313,CT New London,0
314,CT Tolland,0
315,CT Windham,0
316,DE Kent,0
317,DE New Castle,0
318,DE Sussex,0
319,DC District of Columbia,0
320,FL Alachua,0
321,FL Baker,1
322,FL Bay,0
323,FL Bradford,1
324,FL Brevard,0
325,FL Broward,0
326,FL Calhoun,1
327,FL Charlotte,0
328,FL Citrus,0
329,FL Clay,0
330,FL Collier,0
331,FL Columbia,1
332,FL DeSoto,0
333,FL Dixie,1
334,FL Duval,0
335,FL Escambia,0
336,FL Flagler,0
337,FL Franklin,1
338,FL Gadsden,1
339,FL Gilchrist,1
340,FL Glades,1
341,FL Gulf,1
342,FL Hamilton,1
343,FL Hardee,0
344,FL Hendry,0
345,FL Hernando,0
346,FL Highlands,0
347,FL Hills,0
348,FL Holmes,1
349,FL Indian River,0
350,FL Jackson,1
351,FL Jefferson,1
352,FL Lafayette,1
353,FL Lake,0
354,FL Lee,0
355,FL Leon,0
356,FL Levy,1
357,FL Liberty,1
358,FL Madison,1
359,FL Manatee,0
360,FL Marion,0
361,FL Martin,0
362,FL Miami-Dade,0
363,FL Monroe,0
364,FL Nassau,0
365,FL Okaloosa,0
366,FL Okeechobee,0
367,FL Orange,0
368,FL Osceola,0
369,FL Palm Beach,0
370,FL Pasco,0
371,FL Pinellas,0
372,FL Polk,0
373,FL Putnam,1
374,FL Saint Johns,0
375,FL Saint Lucie,0
376,FL Santa Rosa,0
377,FL Sarasota,0
378,FL Seminole,0
379,FL Sumter,0
380,FL Suwannee,1
381,FL Taylor,1
382,FL Union,1
383,FL Volusia,0
384,FL Wakulla,1
385,FL Walton,1
386,FL Washington,1
387,GA Appling,1
388,GA Atkinson,1
389,GA Bacon,1
390,GA Baker,1
391,GA Baldwin,0
392,GA Banks,1
393,GA Barrow,0
394,GA Bartow,0
395,GA Ben Hill,0
396,GA Berrien,1
397,GA Bibb,0
398,GA Bleckley,1
399,GA Brantley,1
400,GA Brooks,1
401,GA Bryan,1
402,GA Bulloch,0
403,GA Burke,1
404,GA Butts,1
405,GA Calhoun,1
406,GA Camden,0
407,GA Candler,1
408,GA Carroll,0
409,GA Catoosa,0
410,GA Charlton,1
411,GA Chatham,0
412,GA Chattahoochee,0
413,GA Chattooga,1
414,GA Cherokee,0
415,GA Clarke,0
416,GA Clay,1
417,GA Clayton,0
418,GA Clinch,1
419,GA Cobb,0
420,GA Coffee,1
421,GA Colquitt,1
422,GA Columbia,0
423,GA Cook,1
424,GA Coweta,0
425,GA Crawford,1
426,GA Crisp,0
427,GA Dade,1
428,GA Dawson,1
429,GA Decatur,1
430,GA DeKalb,0
431,GA Dodge,1
432,GA Dooly,1
433,GA Dougherty,0
434,GA Douglas,0
435,GA Early,1
436,GA Echols,1
437,GA Effingham,1
438,GA Elbert,1
439,GA Emanuel,1
440,GA Evans,1
441,GA Fannin,1
442,GA Fayette,0
443,GA Floyd,0
444,GA Forsyth,0
445,GA Franklin,1
446,GA Fulton,0
447,GA Gilmer,1
448,GA Glascock,1
449,GA Glynn,0
450,GA Gordon,1
451,GA Grady,1
452,GA Greene,1
453,GA Gwinnett,0
454,GA Habersham,1
455,GA Hall,0
456,GA Hancock,1
457,GA Haralson,1
458,GA Harris,1
459,GA Hart,1
460,GA Heard,1
461,GA Henry,0
462,GA Houston,0
463,GA Irwin,1
464,GA Jackson,1
465,GA Jasper,1
466,GA Jeff Davis,1
467,GA Jefferson,1
468,GA Jenkins,1
469,GA Johnson,1
470,GA Jones,1
471,GA Lamar,1
472,GA Lanier,1
473,GA Laurens,1
474,GA Lee,0
475,GA Liberty,0
476,GA Lincoln,1
477,GA Long,1
478,GA Lowndes,0
479,GA Lumpkin,1
480,GA McDuffie,1
481,GA McIntosh,1
482,GA Macon,1
483,GA Madison,1
484,GA Marion,1
485,GA Meriwether,1
486,GA Miller,1
487,GA Mitchell,1
488,GA Monroe,1
489,GA Montgomery,1
490,GA Morgan,1
491,GA Murray,1
492,GA Muscogee,0
493,GA Newton,0
494,GA Oconee,1
495,GA Oglethorpe,1
496,GA Paulding,0
497,GA Peach,0
498,GA Pickens,1
499,GA Pierce,1
500,GA Pike,1
501,GA Polk,1
502,GA Pulaski,1
503,GA Putnam,1
504,GA Quitman,1
505,GA Rabun,1
506,GA Randolph,1
507,GA Richmond,0
508,GA Rockdale,0
509,GA Schley,1
510,GA Screven,1
511,GA Seminole,1
512,GA Spalding,0
513,GA Stephens,1
514,GA Stewart,1
515,GA Sumter,0
516,GA Talbot,1
517,GA Taliaferro,1
518,GA Tattnall,1
519,GA Taylor,1
520,GA Telfair,0
521,GA Terrell,1
522,GA Thomas,0
523,GA Tift,0
524,GA Toombs,1
525,GA Towns,1
526,GA Treutlen,1
527,GA Troup,0
528,GA Turner,0
529,GA Twiggs,1
530,GA Union,1
531,GA Upson,0
532,GA Walker,0
533,GA Walton,0
534,GA Ware,0
535,GA Warren,1
536,GA Washington,1
537,GA Wayne,1
538,GA Webster,1
539,GA Wheeler,1
540,GA White,1
541,GA Whitfield,0
542,GA Wilcox,1
543,GA Wilkes,1
544,GA Wilkinson,1
545,GA Worth,1
546,HI Hawaii,0
547,HI Honolulu,0
548,HI Kalawao,1
549,HI Kauai,0
550,HI Maui,0
551,ID Ada,0
552,ID Adams,1
553,ID Bannock,0
554,ID Bear Lake,1
555,ID Benewah,1
556,ID Bingham,1
557,ID Blaine,0
558,ID Boise,1
559,ID Bonner,1
560,ID Bonneville,0
561,ID Boundary,1
562,ID Butte,1
563,ID Camas,1
564,ID Canyon,0
565,ID Caribou,1
566,ID Cassia,1
567,ID Clark,1
568,ID Clearwater,1
569,ID Custer,1
570,ID Elmore,0
571,ID Franklin,1
572,ID Fremont,1
573,ID Gem,0
574,ID Gooding,1
575,ID Idaho,1
576,ID Jefferson,1
577,ID Jerome,1
578,ID Kootenai,0
579,ID Latah,0
580,ID Lemhi,1
581,ID Lewis,1
582,ID Lincoln,1
583,ID Madison,0
584,ID Minidoka,0
585,ID Nez Perce,0
586,ID Oneida,1
587,ID Owyhee,1
588,ID Payette,0
589,ID Power,0
590,ID Shoshone,1
591,ID Teton,1
592,ID Twin Falls,0
593,ID Valley,1
594,ID Washington,0
595,IL Adams,0
596,IL Alexander,1
597,IL Bond,1
598,IL Boone,0
599,IL Brown,0
600,IL Bureau,1
601,IL Calhoun,1
602,IL Carroll,1
603,IL Cass,1
604,IL Champaign,0
605,IL Christian,0
606,IL Clark,1
607,IL Clay,1
608,IL Clinton,0
609,IL Coles,0
610,IL Cook,0
611,IL Crawford,1
612,IL Cumberland,1
613,IL DeKalb,0
614,IL De Witt,0
615,IL Douglas,1
616,IL Du Page,0
617,IL Edgar,1
618,IL Edwards,1
619,IL Effingham,1
620,IL Fayette,1
621,IL Ford,0
622,IL Franklin,0
623,IL Fulton,1
624,IL Gallatin,1
625,IL Greene,1
626,IL Grundy,0
627,IL Hamilton,1
628,IL Hancock,1
629,IL Hardin,1
630,IL Henderson,1
631,IL Henry,1
632,IL Iroquois,1
633,IL Jackson,0
634,IL Jasper,1
635,IL Jefferson,1
636,IL Jersey,1
637,IL Jo Daviess,1
638,IL Johnson,1
639,IL Kane,0
640,IL Kankakee,0
641,IL Kendall,0
642,IL Knox,0
643,IL Lake,0
644,IL La Salle,0
645,IL Lawrence,1
646,IL Lee,1
647,IL Livingston,0
648,IL Logan,0
649,IL McDonough,0
650,IL McHenry,0
651,IL McLean,0
652,IL Macon,0
653,IL Macoupin,1
654,IL Madison,0
655,IL Marion,0
656,IL Marshall,1
657,IL Mason,1
658,IL Massac,1
659,IL Menard,1
660,IL Mercer,1
661,IL Monroe,0
662,IL Montgomery,0
663,IL Morgan,0
664,IL Moultrie,1
665,IL Ogle,0
666,IL Peoria,0
667,IL Perry,0
668,IL Piatt,1
669,IL Pike,1
670,IL Pope,1
671,IL Pulaski,1
672,IL Putnam,1
673,IL Randolph,0
674,IL Richland,0
675,IL Rock Island,0
676,IL Saint Clair,0
677,IL Saline,0
678,IL Sangamon,0
679,IL Schuyler,1
680,IL Scott,1
681,IL Shelby,1
682,IL Stark,1
683,IL Stephenson,0
684,IL Tazewell,0
685,IL Union,1
686,IL Vermilion,0
687,IL Wabash,0
688,IL Warren,0
689,IL Washington,1
690,IL Wayne,1
691,IL White,1
692,IL Whiteside,0
693,IL Will,0
694,IL Williamson,0
695,IL Winnebago,0
696,IL Woodford,1
697,IN Adams,1
698,IN Allen,0
699,IN Bartholomew,0
700,IN Benton,1
701,IN Blackford,1
702,IN Boone,0
703,IN Brown,1
704,IN Carroll,1
705,IN Cass,0
706,IN Clark,0
707,IN Clay,1
708,IN Clinton,0
709,IN Crawford,1
710,IN Daviess,1
711,IN Dearborn,1
712,IN Decatur,1
713,IN DeKalb,0
714,IN Delaware,0
715,IN Dubois,0
716,IN Elkhart,0
717,IN Fayette,0
718,IN Floyd,0
719,IN Fountain,1
720,IN Franklin,1
721,IN Fulton,1
722,IN Gibson,1
723,IN Grant,0
724,IN Greene,1
725,IN Hamilton,0
726,IN Hancock,0
727,IN Harrison,1
728,IN Hendricks,0
729,IN Henry,0
730,IN Howard,0
731,IN Huntington,1
732,IN Jackson,0
733,IN Jasper,1
734,IN Jay,1
735,IN Jefferson,0
736,IN Jennings,1
737,IN Johnson,0
738,IN Knox,0
739,IN Kosciusko,0
740,IN LaGrange,1
741,IN Lake,0
742,IN LaPorte,0
743,IN Lawrence,1
744,IN Madison,0
745,IN Marion,0
746,IN Marshall,1
747,IN Martin,1
748,IN Miami,0
749,IN Monroe,0
750,IN Montgomery,1
751,IN Morgan,0
752,IN Newton,1
753,IN Noble,1
754,IN Ohio,1
755,IN Orange,1
756,IN Owen,1
757,IN Parke,1
758,IN Perry,1
759,IN Pike,1
760,IN Porter,0
761,IN Posey,1
762,IN Pulaski,1
763,IN Putnam,1
764,IN Randolph,1
765,IN Ripley,1
766,IN Rush,1
767,IN Saint Joseph,0
768,IN Scott,1
769,IN Shelby,1
770,IN Spencer,1
771,IN Starke,1
772,IN Steuben,1
773,IN Sullivan,1
774,IN Switzerland,1
775,IN Tippecanoe,0
776,IN Tipton,1
777,IN Union,1
778,IN Vanderburgh,0
779,IN Vermillion,1
780,IN Vigo,0
781,IN Wabash,0
782,IN Warren,1
783,IN Warrick,0
784,IN Washington,1
785,IN Wayne,0
786,IN Wells,1
787,IN White,1
788,IN Whitley,1
789,IA Adair,1
790,IA Adams,1
791,IA Allamakee,1
792,IA Appanoose,1
793,IA Audubon,1
794,IA Benton,1
795,IA Black Hawk,0
796,IA Boone,1
797,IA Bremer,1
798,IA Buchanan,1
799,IA Buena Vista,0
800,IA Butler,1
801,IA Calhoun,1
802,IA Carroll,1
803,IA Cass,1
804,IA Cedar,1
805,IA Cerro Gordo,0
806,IA Cherokee,1
807,IA Chickasaw,1
808,IA Clarke,0
809,IA Clay,0
810,IA Clayton,1
811,IA Clinton,0
812,IA Crawford,1
813,IA Dallas,0
814,IA Davis,1
815,IA Decatur,1
816,IA Delaware,1
817,IA Des Moines,0
818,IA Dickinson,0
819,IA Dubuque,0
820,IA Emmet,0
821,IA Fayette,1
822,IA Floyd,1
823,IA Franklin,1
824,IA Fremont,1
825,IA Greene,1
826,IA Grundy,1
827,IA Guthrie,1
828,IA Hamilton,1
829,IA Hancock,1
830,IA Hardin,1
831,IA Harrison,1
832,IA Henry,1
833,IA Howard,1
834,IA Humboldt,0
835,IA Ida,1
836,IA Iowa,1
837,IA Jackson,1
838,IA Jasper,1
839,IA Jefferson,0
840,IA Johnson,0
841,IA Jones,1
842,IA Keokuk,1
843,IA Kossuth,1
844,IA Lee,0
845,IA Linn,0
846,IA Louisa,1
847,IA Lucas,1
848,IA Lyon,1
849,IA Madison,1
850,IA Mahaska,0
851,IA Marion,0
852,IA Marshall,0
853,IA Mills,1
854,IA Mitchell,1
855,IA Monona,1
856,IA Monroe,1
857,IA Montgomery,0
858,IA Muscatine,0
859,IA O'Brien,1
860,IA Osceola,1
861,IA Page,0
862,IA Palo Alto,1
863,IA Plymouth,1
864,IA Pocahontas,1
865,IA Polk,0
866,IA Pottawattamie,0
867,IA Poweshiek,1
868,IA Ringgold,1
869,IA Sac,1
870,IA Scott,0
871,IA Shelby,1
872,IA Sioux,1
873,IA Story,0
874,IA Tama,1
875,IA Taylor,1
876,IA Union,0
877,IA Van Buren,1
878,IA Wapello,0
879,IA Warren,0
880,IA Washington,1
881,IA Wayne,1
882,IA Webster,0
883,IA Winnebago,1
884,IA Winneshiek,1
885,IA Woodbury,0
886,IA Worth,1
887,IA Wright,1
888,KS Allen,1
889,KS Anderson,1
890,KS Atchison,0
891,KS Barber,1
892,KS Barton,0
893,KS Bourbon,0
894,KS Brown,1
895,KS Butler,0
896,KS Chase,1
897,KS Chautauqua,1
898,KS Cherokee,0
899,KS Cheyenne,1
900,KS Clark,1
901,KS Clay,0
902,KS Cloud,0
903,KS Coffey,1
904,KS Comanche,1
905,KS Cowley,0
906,KS Crawford,0
907,KS Decatur,1
908,KS Dickinson,1
909,KS Doniphan,1
910,KS Douglas,0
911,KS Edwards,1
912,KS Elk,1
913,KS Ellis,0
914,KS Ellsworth,1
915,KS Finney,0
916,KS Ford,0
917,KS Franklin,1
918,KS Geary,0
919,KS Gove,1
920,KS Graham,1
921,KS Grant,0
922,KS Gray,1
923,KS Greeley,1
924,KS Greenwood,1
925,KS Hamilton,1
926,KS Harper,1
927,KS Harvey,0
928,KS Haskell,1
929,KS Hodgeman,1
930,KS Jackson,1
931,KS Jefferson,1
932,KS Jewell,1
933,KS Johnson,0
934,KS Kearny,1
935,KS Kingman,1
936,KS Kiowa,1
937,KS Labette,1
938,KS Lane,1
939,KS Leavenworth,0
940,KS Lincoln,1
941,KS Linn,1
942,KS Logan,1
943,KS Lyon,0
944,KS McPherson,0
945,KS Marion,1
946,KS Marshall,1
947,KS Meade,1
948,KS Miami,1
949,KS Mitchell,0
950,KS Montgomery,0
951,KS Morris,1
952,KS Morton,1
953,KS Nemaha,1
954,KS Neosho,0
955,KS Ness,1
956,KS Norton,0
957,KS Osage,1
958,KS Osborne,1
959,KS Ottawa,1
960,KS Pawnee,0
961,KS Phillips,1
962,KS Pottawatomie,1
963,KS Pratt,0
964,KS Rawlins,1
965,KS Reno,0
966,KS Republic,1
967,KS Rice,1
968,KS Riley,0
969,KS Rooks,1
970,KS Rush,1
971,KS Russell,0
972,KS Saline,0
973,KS Scott,0
974,KS Sedgwick,0
975,KS Seward,0
976,KS Shawnee,0
977,KS Sheridan,1
978,KS Sherman,0
979,KS Smith,1
980,KS Stafford,1
981,KS Stanton,1
982,KS Stevens,0
983,KS Sumner,1
984,KS Thomas,0
985,KS Trego,1
986,KS Wabaunsee,1
987,KS Wallace,1
988,KS Washington,1
989,KS Wichita,1
990,KS Wilson,1
991,KS Woodson,1
992,KS Wyandotte,0
993,KY Adair,1
994,KY Allen,1
995,KY Anderson,0
996,KY Ballard,1
997,KY Barren,1
998,KY Bath,1
999,KY Bell,1
1000,KY Boone,0
1001,KY Bourbon,0
1002,KY Boyd,0
1003,KY Boyle,0
1004,KY Bracken,1
1005,KY Breathitt,1
1006,KY Breckinridge,1
1007,KY Bullitt,0
1008,KY Butler,1
1009,KY Caldwell,1
1010,KY Calloway,0
1011,KY Campbell,0
1012,KY Carlisle,1
1013,KY Carroll,1
1014,KY Carter,1
1015,KY Casey,1
1016,KY Christian,0
1017,KY Clark,0
1018,KY Clay,1
1019,KY Clinton,1
1020,KY Crittenden,1
1021,KY Cumberland,1
1022,KY Daviess,0
1023,KY Edmonson,1
1024,KY Elliott,1
1025,KY Estill,1
1026,KY Fayette,0
1027,KY Fleming,1
1028,KY Floyd,1
1029,KY Franklin,0
1030,KY Fulton,1
1031,KY Gallatin,1
1032,KY Garrard,1
1033,KY Grant,1
1034,KY Graves,1
1035,KY Grayson,1
1036,KY Green,1
1037,KY Greenup,0
1038,KY Hancock,1
1039,KY Hardin,0
1040,KY Harlan,1
1041,KY Harrison,1
1042,KY Hart,1
1043,KY Henderson,0
1044,KY Henry,1
1045,KY Hickman,1
1046,KY Hopkins,0
1047,KY Jackson,1
1048,KY Jefferson,0
1049,KY Jessamine,0
1050,KY Johnson,1
1051,KY Kenton,0
1052,KY Knott,1
1053,KY Knox,1
1054,KY Larue,1
1055,KY Laurel,1
1056,KY Lawrence,1
1057,KY Lee,1
1058,KY Leslie,1
1059,KY Letcher,1
1060,KY Lewis,1
1061,KY Lincoln,1
1062,KY Livingston,1
1063,KY Logan,1
1064,KY Lyon,1
1065,KY McCracken,0
1066,KY McCreary,1
1067,KY McLean,1
1068,KY Madison,0
1069,KY Magoffin,1
1070,KY Marion,1
1071,KY Marshall,1
1072,KY Martin,1
1073,KY Mason,1
1074,KY Meade,1
1075,KY Menifee,1
1076,KY Mercer,1
1077,KY Metcalfe,1
1078,KY Monroe,1
1079,KY Montgomery,1
1080,KY Morgan,1
1081,KY Muhlenberg,1
1082,KY Nelson,1
1083,KY Nicholas,1
1084,KY Ohio,1
1085,KY Oldham,0
1086,KY Owen,1
1087,KY Owsley,1
1088,KY Pendleton,1
1089,KY Perry,1
1090,KY Pike,1
1091,KY Powell,1
1092,KY Pulaski,1
1093,KY Robertson,1
1094,KY Rockcastle,1
1095,KY Rowan,1
1096,KY Russell,1
1097,KY Scott,0
1098,KY Shelby,0
1099,KY Simpson,0
1100,KY Spencer,1
1101,KY Taylor,1
1102,KY Todd,1
1103,KY Trigg,1
1104,KY Trimble,1
1105,KY Union,1
1106,KY Warren,0
1107,KY Washington,1
1108,KY Wayne,1
1109,KY Webster,1
1110,KY Whitley,1
1111,KY Wolfe,1
1112,KY Woodford,0
1113,LA Acadia,1
1114,LA Allen,1
1115,LA Ascension,0
1116,LA Assumption,0
1117,LA Avoyelles,1
1118,LA Beauregard,1
1119,LA Bienville,1
1120,LA Bossier,0
1121,LA Caddo,0
1122,LA Calcasieu,0
1123,LA Caldwell,1
1124,LA Cameron,1
1125,LA Catahoula,1
1126,LA Claiborne,1
1127,LA Concordia,0
1128,LA De Soto,1
1129,LA East Baton Rouge,0
1130,LA East Carroll,0
1131,LA East Feliciana,1
1132,LA Evangeline,1
1133,LA Franklin,1
1134,LA Grant,1
1135,LA Iberia,0
1136,LA Iberville,1
1137,LA Jackson,1
1138,LA Jefferson,0
1139,LA Jefferson Davis,1
1140,LA Lafayette,0
1141,LA Lafourche,0
1142,LA La Salle,1
1143,LA Lincoln,0
1144,LA Livingston,0
1145,LA Madison,0
1146,LA Morehouse,1
1147,LA Natchitoches,1
1148,LA Orleans,0
1149,LA Ouachita,0
1150,LA Plaquemines,0
1151,LA Pointe Coupee,1
1152,LA Rapides,0
1153,LA Red River,1
1154,LA Richland,1
1155,LA Sabine,1
1156,LA Saint Bernard,0
1157,LA Saint Charles,0
1158,LA Saint Helena,1
1159,LA Saint James,0
1160,LA Saint John the Baptist,0
1161,LA Saint Landry,0
1162,LA Saint Martin,0
1163,LA Saint Mary,0
1164,LA Saint Tammany,0
1165,LA Tangipahoa,0
1166,LA Tensas,1
1167,LA Terrebonne,0
1168,LA Union,1
1169,LA Vermilion,1
1170,LA Vernon,0
1171,LA Washington,1
1172,LA Webster,1
1173,LA West Baton Rouge,0
1174,LA West Carroll,1
1175,LA West Feliciana,1
1176,LA Winn,1
1177,ME Androscoggin,0
1178,ME Aroostook,1
1179,ME Cumberland,0
1180,ME Franklin,1
1181,ME Hancock,1
1182,ME Kennebec,1
1183,ME Knox,1
1184,ME Lincoln,1
1185,ME Oxford,1
1186,ME Penobscot,1
1187,ME Piscataquis,1
1188,ME Sagadahoc,1
1189,ME Somerset,1
1190,ME Waldo,1
1191,ME Washington,1
1192,ME York,1
1193,MD Allegany,0
1194,MD Anne Arundel,0
1195,MD Baltimore,0
1196,MD Calvert,0
1197,MD Caroline,1
1198,MD Carroll,0
1199,MD Cecil,0
1200,MD Charles,0
1201,MD Dorchester,1
1202,MD Frederick,0
1203,MD Garrett,1
1204,MD Harford,0
1205,MD Howard,0
1206,MD Kent,1
1207,MD Montgomery,0
1208,MD Prince George's,0
1209,MD Queen Anne's,1
1210,MD Saint Mary's,1
1211,MD Somerset,0
1212,MD Talbot,1
1213,MD Washington,0
1214,MD Wicomico,0
1215,MD Worcester,0
1216,MD Baltimore City,0
1217,MA Barnstable,0
1218,MA Berkshire,0
1219,MA Bristol,0
1220,MA Dukes,0
1221,MA Essex,0
1222,MA Franklin,1
1223,MA Hampden,0
1224,MA Hampshire,0
1225,MA Middlesex,0
1226,MA Nantucket,0
1227,MA Norfolk,0
1228,MA Plymouth,0
1229,MA Suffolk,0
1230,MA Worcester,0
1231,MI Alcona,1
1232,MI Alger,1
1233,MI Allegan,1
1234,MI Alpena,1
1235,MI Antrim,1
1236,MI Arenac,1
1237,MI Baraga,1
1238,MI Barry,1
1239,MI Bay,0
1240,MI Benzie,1
1241,MI Berrien,0
1242,MI Branch,1
1243,MI Calhoun,0
1244,MI Cass,1
1245,MI Charlevoix,1
1246,MI Cheboygan,1
1247,MI Chippewa,0
1248,MI Clare,1
1249,MI Clinton,1
1250,MI Crawford,1
1251,MI Delta,0
1252,MI Dickinson,0
1253,MI Eaton,0
1254,MI Emmet,1
1255,MI Genesee,0
1256,MI Gladwin,1
1257,MI Gogebic,1
1258,MI Grand Traverse,0
1259,MI Gratiot,1
1260,MI Hillsdale,1
1261,MI Houghton,0
1262,MI Huron,1
1263,MI Ingham,0
1264,MI Ionia,1
1265,MI Iosco,1
1266,MI Iron,1
1267,MI Isabella,0
1268,MI Jackson,0
1269,MI Kalamazoo,0
1270,MI Kalkaska,1
1271,MI Kent,0
1272,MI Keweenaw,1
1273,MI Lake,1
1274,MI Lapeer,1
1275,MI Leelanau,1
1276,MI Lenawee,1
1277,MI Livingston,0
1278,MI Luce,1
1279,MI Mackinac,1
1280,MI Macomb,0
1281,MI Manistee,1
1282,MI Marquette,0
1283,MI Mason,1
1284,MI Mecosta,1
1285,MI Menominee,1
1286,MI Midland,0
1287,MI Missaukee,1
1288,MI Monroe,0
1289,MI Montcalm,1
1290,MI Montmorency,1
1291,MI Muskegon,0
1292,MI Newaygo,1
1293,MI Oakland,0
1294,MI Oceana,1
1295,MI Ogemaw,1
1296,MI Ontonagon,1
1297,MI Osceola,1
1298,MI Oscoda,1
1299,MI Otsego,1
1300,MI Ottawa,0
1301,MI Presque Isle,1
1302,MI Roscommon,1
1303,MI Saginaw,0
1304,MI Saint Clair,0
1305,MI Saint Joseph,1
1306,MI Sanilac,1
1307,MI Schoolcraft,1
1308,MI Shiawassee,1
1309,MI Tuscola,1
1310,MI Van Buren,1
1311,MI Washtenaw,0
1312,MI Wayne,0
1313,MI Wexford,1
1314,MN Aitkin,1
1315,MN Anoka,0
1316,MN Becker,1
1317,MN Beltrami,1
1318,MN Benton,0
1319,MN Big Stone,1
1320,MN Blue Earth,0
1321,MN Brown,0
1322,MN Carlton,1
1323,MN Carver,0
1324,MN Cass,1
1325,MN Chippewa,1
1326,MN Chisago,1
1327,MN Clay,0
1328,MN Clearwater,1
1329,MN Cook,1
1330,MN Cottonwood,1
1331,MN Crow Wing,1
1332,MN Dakota,0
1333,MN Dodge,1
1334,MN Douglas,1
1335,MN Faribault,1
1336,MN Fillmore,1
1337,MN Freeborn,0
1338,MN Goodhue,0
1339,MN Grant,1
1340,MN Hennepin,0
1341,MN Houston,1
1342,MN Hubbard,1
1343,MN Isanti,1
1344,MN Itasca,1
1345,MN Jackson,1
1346,MN Kanabec,1
1347,MN Kandiyohi,0
1348,MN Kittson,1
1349,MN Koochiching,0
1350,MN Lac qui Parle,1
1351,MN Lake,1
1352,MN Lake of the Woods,1
1353,MN Le Sueur,1
1354,MN Lincoln,1
1355,MN Lyon,0
1356,MN McLeod,0
1357,MN Mahnomen,1
1358,MN Marshall,1
1359,MN Martin,1
1360,MN Meeker,1
1361,MN Mille Lacs,1
1362,MN Morrison,1
1363,MN Mower,0
1364,MN Murray,1
1365,MN Nicollet,0
1366,MN Nobles,0
1367,MN Norman,1
1368,MN Olmsted,0
1369,MN Otter Tail,1
1370,MN Pennington,0
1371,MN Pine,1
1372,MN Pipestone,1
1373,MN Polk,0
1374,MN Pope,1
1375,MN Ramsey,0
1376,MN Red Lake,1
1377,MN Redwood,1
1378,MN Renville,1
1379,MN Rice,0
1380,MN Rock,1
1381,MN Roseau,1
1382,MN Saint Louis,0
1383,MN Scott,0
1384,MN Sherburne,0
1385,MN Sibley,1
1386,MN Stearns,0
1387,MN Steele,0
1388,MN Stevens,0
1389,MN Swift,1
1390,MN Todd,1
1391,MN Traverse,1
1392,MN Wabasha,1
1393,MN Wadena,1
1394,MN Waseca,1
1395,MN Washington,0
1396,MN Watonwan,1
1397,MN Wilkin,1
1398,MN Winona,0
1399,MN Wright,0
1400,MN Yellow Medicine,1
1401,MS Adams,0
1402,MS Alcorn,1
1403,MS Amite,1
1404,MS Attala,1
1405,MS Benton,1
1406,MS Bolivar,1
1407,MS Calhoun,1
1408,MS Carroll,1
1409,MS Chickasaw,1
1410,MS Choctaw,1
1411,MS Claiborne,1
1412,MS Clarke,1
1413,MS Clay,1
1414,MS Coahoma,0
1415,MS Copiah,1
1416,MS Covington,1
1417,MS DeSoto,0
1418,MS Forrest,0
1419,MS Franklin,1
1420,MS George,1
1421,MS Greene,1
1422,MS Grenada,1
1423,MS Hancock,0
1424,MS Harrison,0
1425,MS Hinds,0
1426,MS Holmes,1
1427,MS Humphreys,0
1428,MS Issaquena,1
1429,MS Itawamba,1
1430,MS Jackson,0
1431,MS Jasper,1
1432,MS Jefferson,1
1433,MS Jefferson Davis,1
1434,MS Jones,1
1435,MS Kemper,1
1436,MS Lafayette,0
1437,MS Lamar,1
1438,MS Lauderdale,0
1439,MS Lawrence,1
1440,MS Leake,1
1441,MS Lee,0
1442,MS Leflore,0
1443,MS Lincoln,1
1444,MS Lowndes,0
1445,MS Madison,0
1446,MS Marion,1
1447,MS Marshall,1
1448,MS Monroe,1
1449,MS Montgomery,1
1450,MS Neshoba,1
1451,MS Newton,1
1452,MS Noxubee,1
1453,MS Oktibbeha,0
1454,MS Panola,1
1455,MS Pearl River,1
1456,MS Perry,1
1457,MS Pike,1
1458,MS Pontotoc,1
1459,MS Prentiss,1
1460,MS Quitman,1
1461,MS Rankin,0
1462,MS Scott,1
1463,MS Sharkey,1
1464,MS Simpson,1
1465,MS Smith,1
1466,MS Stone,1
1467,MS Sunflower,0
1468,MS Tallahatchie,1
1469,MS Tate,1
1470,MS Tippah,1
1471,MS Tishomingo,1
1472,MS Tunica,1
1473,MS Union,1
1474,MS Walthall,1
1475,MS Warren,0
1476,MS Washington,0
1477,MS Wayne,1
1478,MS Webster,1
1479,MS Wilkinson,1
1480,MS Winston,1
1481,MS Yalobusha,1
1482,MS Yazoo,0
1483,MO Adair,0
1484,MO Andrew,1
1485,MO Atchison,1
1486,MO Audrain,0
1487,MO Barry,1
1488,MO Barton,1
1489,MO Bates,1
1490,MO Benton,1
1491,MO Bollinger,1
1492,MO Boone,0
1493,MO Buchanan,0
1494,MO Butler,1
1495,MO Caldwell,1
1496,MO Callaway,1
1497,MO Camden,1
1498,MO Cape Girardeau,0
1499,MO Carroll,1
1500,MO Carter,1
1501,MO Cass,0
1502,MO Cedar,1
1503,MO Chariton,1
1504,MO Christian,0
1505,MO Clark,1
1506,MO Clay,0
1507,MO Clinton,1
1508,MO Cole,0
1509,MO Cooper,1
1510,MO Crawford,1
1511,MO Dade,1
1512,MO Dallas,1
1513,MO Daviess,1
1514,MO DeKalb,1
1515,MO Dent,1
1516,MO Douglas,1
1517,MO Dunklin,1
1518,MO Franklin,1
1519,MO Gasconade,1
1520,MO Gentry,1
1521,MO Greene,0
1522,MO Grundy,0
1523,MO Harrison,1
1524,MO Henry,0
1525,MO Hickory,1
1526,MO Holt,1
1527,MO Howard,1
1528,MO Howell,1
1529,MO Iron,1
1530,MO Jackson,0
1531,MO Jasper,0
1532,MO Jefferson,0
1533,MO Johnson,1
1534,MO Knox,1
1535,MO Laclede,1
1536,MO Lafayette,1
1537,MO Lawrence,1
1538,MO Lewis,1
1539,MO Lincoln,1
1540,MO Linn,1
1541,MO Livingston,0
1542,MO McDonald,1
1543,MO Macon,1
1544,MO Madison,1
1545,MO Maries,1
1546,MO Marion,0
1547,MO Mercer,1
1548,MO Miller,1
1549,MO Mississippi,0
1550,MO Moniteau,1
1551,MO Monroe,1
1552,MO Montgomery,1
1553,MO Morgan,1
1554,MO New Madrid,1
1555,MO Newton,1
1556,MO Nodaway,0
1557,MO Oregon,1
1558,MO Osage,1
1559,MO Ozark,1
1560,MO Pemiscot,0
1561,MO Perry,1
1562,MO Pettis,0
1563,MO Phelps,0
1564,MO Pike,1
1565,MO Platte,0
1566,MO Polk,1
1567,MO Pulaski,0
1568,MO Putnam,1
1569,MO Ralls,1
1570,MO Randolph,0
1571,MO Ray,1
1572,MO Reynolds,1
1573,MO Ripley,1
1574,MO Saint Charles,0
1575,MO Saint Clair,1
1576,MO Ste. Genevieve,1
1577,MO Saint Francois,0
1578,MO Saint Louis,0
1579,MO Saline,0
1580,MO Schuyler,1
1581,MO Scotland,1
1582,MO Scott,0
1583,MO Shannon,1
1584,MO Shelby,1
1585,MO Stoddard,1
1586,MO Stone,1
1587,MO Sullivan,1
1588,MO Taney,0
1589,MO Texas,1
1590,MO Vernon,1
1591,MO Warren,1
1592,MO Washington,1
1593,MO Wayne,1
1594,MO Webster,1
1595,MO Worth,1
1596,MO Wright,1
1597,MO Saint Louis City,0
1598,MT Beaverhead,1
1599,MT Big Horn,1
1600,MT Blaine,1
1601,MT Broadwater,1
1602,MT Carbon,1
1603,MT Carter,1
1604,MT Cascade,0
1605,MT Chouteau,1
1606,MT Custer,0
1607,MT Daniels,1
1608,MT Dawson,0
1609,MT Deer Lodge,0
1610,MT Fallon,1
1611,MT Fergus,0
1612,MT Flathead,1
1613,MT Gallatin,0
1614,MT Garfield,1
1615,MT Glacier,0
1616,MT Golden Valley,1
1617,MT Granite,1
1618,MT Hill,0
1619,MT Jefferson,1
1620,MT Judith Basin,1
1621,MT Lake,1
1622,MT Lewis and Clark,0
1623,MT Liberty,1
1624,MT Lincoln,1
1625,MT McCone,1
1626,MT Madison,1
1627,MT Meagher,1
1628,MT Mineral,1
1629,MT Missoula,0
1630,MT Musselshell,1
1631,MT Park,0
1632,MT Petroleum,1
1633,MT Phillips,1
1634,MT Pondera,1
1635,MT Powder River,1
1636,MT Powell,1
1637,MT Prairie,1
1638,MT Ravalli,1
1639,MT Richland,0
1640,MT Roosevelt,0
1641,MT Rosebud,1
1642,MT Sanders,1
1643,MT Sheridan,1
1644,MT Silver Bow,0
1645,MT Stillwater,1
1646,MT Sweet Grass,1
1647,MT Teton,1
1648,MT Toole,0
1649,MT Treasure,1
1650,MT Valley,1
1651,MT Wheatland,1
1652,MT Wibaux,1
1653,MT Yellowstone,0
1654,NE Adams,0
1655,NE Antelope,1
1656,NE Arthur,1
1657,NE Banner,1
1658,NE Blaine,1
1659,NE Boone,1
1660,NE Box Butte,0
1661,NE Boyd,1
1662,NE Brown,1
1663,NE Buffalo,0
1664,NE Burt,1
1665,NE Butler,1
1666,NE Cass,1
1667,NE Cedar,1
1668,NE Chase,1
1669,NE Cherry,1
1670,NE Cheyenne,0
1671,NE Clay,1
1672,NE Colfax,0
1673,NE Cuming,1
1674,NE Custer,1
1675,NE Dakota,0
1676,NE Dawes,0
1677,NE Dawson,0
1678,NE Deuel,1
1679,NE Dixon,1
1680,NE Dodge,0
1681,NE Douglas,0
1682,NE Dundy,1
1683,NE Fillmore,1
1684,NE Franklin,1
1685,NE Frontier,1
1686,NE Furnas,1
1687,NE Gage,0
1688,NE Garden,1
1689,NE Garfield,1
1690,NE Gosper,1
1691,NE Grant,1
1692,NE Greeley,1
1693,NE Hall,0
1694,NE Hamilton,1
1695,NE Harlan,1
1696,NE Hayes,1
1697,NE Hitchcock,1
1698,NE Holt,1
1699,NE Hooker,1
1700,NE Howard,1
1701,NE Jefferson,0
1702,NE Johnson,1
1703,NE Kearney,1
1704,NE Keith,0
1705,NE Keya Paha,1
1706,NE Kimball,1
1707,NE Knox,1
1708,NE Lancaster,0
1709,NE Lincoln,0
1710,NE Logan,1
1711,NE Loup,1
1712,NE McPherson,1
1713,NE Madison,0
1714,NE Merrick,1
1715,NE Morrill,1
1716,NE Nance,1
1717,NE Nemaha,1
1718,NE Nuckolls,1
1719,NE Otoe,1
1720,NE Pawnee,1
1721,NE Perkins,1
1722,NE Phelps,0
1723,NE Pierce,1
1724,NE Platte,0
1725,NE Polk,1
1726,NE Red Willow,0
1727,NE Richardson,1
1728,NE Rock,1
1729,NE Saline,1
1730,NE Sarpy,0
1731,NE Saunders,1
1732,NE Scotts Bluff,0
1733,NE Seward,1
1734,NE Sheridan,1
1735,NE Sherman,1
1736,NE Sioux,1
1737,NE Stanton,1
1738,NE Thayer,1
1739,NE Thomas,1
1740,NE Thurston,1
1741,NE Valley,1
1742,NE Washington,1
1743,NE Wayne,0
1744,NE Webster,1
1745,NE Wheeler,1
1746,NE York,0
1747,NV Churchill,0
1748,NV Clark,0
1749,NV Douglas,0
1750,NV Elko,0
1751,NV Esmeralda,1
1752,NV Eureka,1
1753,NV Humboldt,0
1754,NV Lander,0
1755,NV Lincoln,1
1756,NV Lyon,0
1757,NV Mineral,0
1758,NV Nye,0
1759,NV Pershing,1
1760,NV Storey,1
1761,NV Washoe,0
1762,NV White Pine,1
1763,NV Carson City,0
1764,NH Belknap,1
1765,NH Carroll,1
1766,NH Cheshire,1
1767,NH Coos,1
1768,NH Grafton,1
1769,NH Hills,0
1770,NH Merrimack,1
1771,NH Rockingham,0
1772,NH Strafford,0
1773,NH Sullivan,1
1774,NJ Atlantic,0
1775,NJ Bergen,0
1776,NJ Burlington,0
1777,NJ Camden,0
1778,NJ Cape May,0
1779,NJ Cumberland,0
1780,NJ Essex,0
1781,NJ Gloucester,0
1782,NJ Hudson,0
1783,NJ Hunterdon,0
1784,NJ Mercer,0
1785,NJ Middlesex,0
1786,NJ Monmouth,0
1787,NJ Morris,0
1788,NJ Ocean,0
1789,NJ Passaic,0
1790,NJ Salem,0
1791,NJ Somerset,0
1792,NJ Sussex,0
1793,NJ Union,0
1794,NJ Warren,0
1795,NM Bernalillo,0
1796,NM Catron,1
1797,NM Chaves,0
1798,NM Cibola,1
1799,NM Colfax,1
1800,NM Curry,0
1801,NM De Baca,1
1802,NM Dona Ana,0
1803,NM Eddy,0
1804,NM Grant,0
1805,NM Guadalupe,0
1806,NM Harding,1
1807,NM Hidalgo,1
1808,NM Lea,0
1809,NM Lincoln,1
1810,NM Los Alamos,0
1811,NM Luna,0
1812,NM McKinley,1
1813,NM Mora,1
1814,NM Otero,0
1815,NM Quay,0
1816,NM Rio Arriba,0
1817,NM Roosevelt,0
1818,NM Sandoval,0
1819,NM San Juan,0
1820,NM San Miguel,0
1821,NM Santa Fe,0
1822,NM Sierra,0
1823,NM Socorro,0
1824,NM Taos,1
1825,NM Torrance,1
1826,NM Union,1
1827,NM Valencia,0
1828,NY Albany,0
1829,NY Allegany,1
1830,NY Bronx,0
1831,NY Broome,0
1832,NY Cattaraugus,1
1833,NY Cayuga,1
1834,NY Chautauqua,0
1835,NY Chemung,0
1836,NY Chenango,1
1837,NY Clinton,1
1838,NY Columbia,1
1839,NY Cortland,0
1840,NY Delaware,1
1841,NY Dutchess,0
1842,NY Erie,0
1843,NY Essex,1
1844,NY Franklin,1
1845,NY Fulton,1
1846,NY Genesee,1
1847,NY Greene,1
1848,NY Hamilton,1
1849,NY Herkimer,1
1850,NY Jefferson,0
1851,NY Kings,0
1852,NY Lewis,1
1853,NY Livingston,1
1854,NY Madison,1
1855,NY Monroe,0
1856,NY Montgomery,0
1857,NY Nassau,0
1858,NY New York,0
1859,NY Niagara,0
1860,NY Oneida,0
1861,NY Onondaga,0
1862,NY Ontario,0
1863,NY Orange,0
1864,NY Orleans,1
1865,NY Oswego,1
1866,NY Otsego,1
1867,NY Putnam,0
1868,NY Queens,0
1869,NY Rensselaer,0
1870,NY Richmond,0
1871,NY Rockland,0
1872,NY Saint Lawrence,1
1873,NY Saratoga,0
1874,NY Schenectady,0
1875,NY Schoharie,1
1876,NY Schuyler,1
1877,NY Seneca,1
1878,NY Steuben,1
1879,NY Suffolk,0
1880,NY Sullivan,1
1881,NY Tioga,1
1882,NY Tompkins,0
1883,NY Ulster,0
1884,NY Warren,0
1885,NY Washington,1
1886,NY Wayne,1
1887,NY Westchester,0
1888,NY Wyoming,1
1889,NY Yates,1
1890,NC Alamance,0
1891,NC Alexander,1
1892,NC Alleghany,1
1893,NC Anson,1
1894,NC Ashe,1
1895,NC Avery,1
1896,NC Beaufort,1
1897,NC Bertie,1
1898,NC Bladen,1
1899,NC Brunswick,0
1900,NC Buncombe,0
1901,NC Burke,0
1902,NC Cabarrus,0
1903,NC Caldwell,0
1904,NC Camden,1
1905,NC Carteret,0
1906,NC Caswell,1
1907,NC Catawba,0
1908,NC Chatham,1
1909,NC Cherokee,1
1910,NC Chowan,1
1911,NC Clay,1
1912,NC Cleveland,1
1913,NC Columbus,1
1914,NC Craven,0
1915,NC Cumberland,0
1916,NC Currituck,1
1917,NC Dare,0
1918,NC Davidson,0
1919,NC Davie,1
1920,NC Duplin,1
1921,NC Durham,0
1922,NC Edgecombe,0
1923,NC Forsyth,0
1924,NC Franklin,1
1925,NC Gaston,0
1926,NC Gates,1
1927,NC Graham,1
1928,NC Granville,1
1929,NC Greene,1
1930,NC Guilford,0
1931,NC Halifax,1
1932,NC Harnett,1
1933,NC Haywood,1
1934,NC Henderson,0
1935,NC Hertford,1
1936,NC Hoke,0
1937,NC Hyde,1
1938,NC Iredell,0
1939,NC Jackson,1
1940,NC Johnston,1
1941,NC Jones,1
1942,NC Lee,0
1943,NC Lenoir,0
1944,NC Lincoln,1
1945,NC McDowell,1
1946,NC Macon,1
1947,NC Madison,1
1948,NC Martin,1
1949,NC Mecklenburg,0
1950,NC Mitchell,1
1951,NC Montgomery,1
1952,NC Moore,1
1953,NC Nash,0
1954,NC New Hanover,0
1955,NC Northampton,1
1956,NC Onslow,0
1957,NC Orange,0
1958,NC Pamlico,1
1959,NC Pasquotank,0
1960,NC Pender,1
1961,NC Perquimans,1
1962,NC Person,1
1963,NC Pitt,0
1964,NC Polk,1
1965,NC Randolph,1
1966,NC Richmond,0
1967,NC Robeson,1
1968,NC Rockingham,1
1969,NC Rowan,0
1970,NC Rutherford,1
1971,NC Sampson,1
1972,NC Scotland,0
1973,NC Stanly,1
1974,NC Stokes,1
1975,NC Surry,1
1976,NC Swain,1
1977,NC Transylvania,1
1978,NC Tyrrell,1
1979,NC Union,0
1980,NC Vance,1
1981,NC Wake,0
1982,NC Warren,1
1983,NC Washington,1
1984,NC Watauga,1
1985,NC Wayne,0
1986,NC Wilkes,1
1987,NC Wilson,0
1988,NC Yadkin,1
1989,NC Yancey,1
1990,ND Adams,1
1991,ND Barnes,0
1992,ND Benson,1
1993,ND Billings,1
1994,ND Bottineau,1
1995,ND Bowman,1
1996,ND Burke,1
1997,ND Burleigh,0
1998,ND Cass,0
1999,ND Cavalier,1
2000,ND Dickey,1
2001,ND Divide,1
2002,ND Dunn,1
2003,ND Eddy,1
2004,ND Emmons,1
2005,ND Foster,1
2006,ND Golden Valley,1
2007,ND Grand Forks,0
2008,ND Grant,1
2009,ND Griggs,1
2010,ND Hettinger,1
2011,ND Kidder,1
2012,ND LaMoure,1
2013,ND Logan,1
2014,ND McHenry,1
2015,ND McIntosh,1
2016,ND McKenzie,1
2017,ND McLean,1
2018,ND Mercer,1
2019,ND Morton,0
2020,ND Mountrail,1
2021,ND Nelson,1
2022,ND Oliver,1
2023,ND Pembina,1
2024,ND Pierce,0
2025,ND Ramsey,0
2026,ND Ransom,1
2027,ND Renville,1
2028,ND Richland,1
2029,ND Rolette,1
2030,ND Sargent,1
2031,ND Sheridan,1
2032,ND Sioux,1
2033,ND Slope,1
2034,ND Stark,0
2035,ND Steele,1
2036,ND Stutsman,0
2037,ND Towner,1
2038,ND Traill,1
2039,ND Walsh,1
2040,ND Ward,0
2041,ND Wells,1
2042,ND Williams,0
2043,OH Adams,1
2044,OH Allen,0
2045,OH Ashland,1
2046,OH Ashtabula,0
2047,OH Athens,0
2048,OH Auglaize,0
2049,OH Belmont,1
2050,OH Brown,1
2051,OH Butler,0
2052,OH Carroll,1
2053,OH Champaign,1
2054,OH Clark,0
2055,OH Clermont,0
2056,OH Clinton,1
2057,OH Columbiana,0
2058,OH Coshocton,1
2059,OH Crawford,0
2060,OH Cuyahoga,0
2061,OH Darke,1
2062,OH Defiance,0
2063,OH Delaware,0
2064,OH Erie,0
2065,OH Fairfield,0
2066,OH Fayette,0
2067,OH Franklin,0
2068,OH Fulton,1
2069,OH Gallia,1
2070,OH Geauga,1
2071,OH Greene,0
2072,OH Guernsey,1
2073,OH Hamilton,0
2074,OH Hancock,0
2075,OH Hardin,1
2076,OH Harrison,1
2077,OH Henry,1
2078,OH Highland,1
2079,OH Hocking,1
2080,OH Holmes,1
2081,OH Huron,1
2082,OH Jackson,1
2083,OH Jefferson,0
2084,OH Knox,1
2085,OH Lake,0
2086,OH Lawrence,0
2087,OH Licking,0
2088,OH Logan,1
2089,OH Lorain,0
2090,OH Lucas,0
2091,OH Madison,0
2092,OH Mahoning,0
2093,OH Marion,0
2094,OH Medina,0
2095,OH Meigs,1
2096,OH Mercer,1
2097,OH Miami,0
2098,OH Monroe,1
2099,OH Montgomery,0
2100,OH Morgan,1
2101,OH Morrow,1
2102,OH Muskingum,0
2103,OH Noble,1
2104,OH Ottawa,0
2105,OH Paulding,1
2106,OH Perry,1
2107,OH Pickaway,0
2108,OH Pike,1
2109,OH Portage,0
2110,OH Preble,1
2111,OH Putnam,1
2112,OH Richland,0
2113,OH Ross,1
2114,OH Sandusky,0
2115,OH Scioto,1
2116,OH Seneca,0
2117,OH Shelby,1
2118,OH Stark,0
2119,OH Summit,0
2120,OH Trumbull,0
2121,OH Tuscarawas,0
2122,OH Union,0
2123,OH Van Wert,1
2124,OH Vinton,1
2125,OH Warren,0
2126,OH Washington,1
2127,OH Wayne,1
2128,OH Williams,1
2129,OH Wood,0
2130,OH Wyandot,1
2131,OK Adair,1
2132,OK Alfalfa,1
2133,OK Atoka,1
2134,OK Beaver,1
2135,OK Beckham,0
2136,OK Blaine,1
2137,OK Bryan,1
2138,OK Caddo,1
2139,OK Canadian,0
2140,OK Carter,1
2141,OK Cherokee,1
2142,OK Choctaw,1
2143,OK Cimarron,1
2144,OK Cleveland,0
2145,OK Coal,1
2146,OK Comanche,0
2147,OK Cotton,1
2148,OK Craig,1
2149,OK Creek,1
2150,OK Custer,0
2151,OK Delaware,1
2152,OK Dewey,1
2153,OK Ellis,1
2154,OK Garfield,0
2155,OK Garvin,1
2156,OK Grady,1
2157,OK Grant,1
2158,OK Greer,1
2159,OK Harmon,1
2160,OK Harper,1
2161,OK Haskell,1
2162,OK Hughes,1
2163,OK Jackson,0
2164,OK Jefferson,1
2165,OK Johnston,1
2166,OK Kay,0
2167,OK Kingfisher,1
2168,OK Kiowa,1
2169,OK Latimer,1
2170,OK Le Flore,1
2171,OK Lincoln,1
2172,OK Logan,1
2173,OK Love,1
2174,OK McClain,1
2175,OK McCurtain,1
2176,OK McIntosh,1
2177,OK Major,1
2178,OK Marshall,1
2179,OK Mayes,1
2180,OK Murray,0
2181,OK Muskogee,0
2182,OK Noble,1
2183,OK Nowata,1
2184,OK Okfuskee,1
2185,OK Oklahoma,0
2186,OK Okmulgee,0
2187,OK Osage,1
2188,OK Ottawa,0
2189,OK Pawnee,1
2190,OK Payne,0
2191,OK Pittsburg,1
2192,OK Pontotoc,1
2193,OK Pottawatomie,1
2194,OK Pushmataha,1
2195,OK Roger Mills,1
2196,OK Rogers,1
2197,OK Seminole,1
2198,OK Sequoyah,1
2199,OK Stephens,0
2200,OK Texas,0
2201,OK Tillman,1
2202,OK Tulsa,0
2203,OK Wagoner,0
2204,OK Washington,0
2205,OK Washita,1
2206,OK Woods,0
2207,OK Woodward,0
2208,OR Baker,0
2209,OR Benton,0
2210,OR Clackamas,0
2211,OR Clatsop,0
2212,OR Columbia,0
2213,OR Coos,0
2214,OR Crook,0
2215,OR Curry,0
2216,OR Deschutes,0
2217,OR Douglas,0
2218,OR Gilliam,1
2219,OR Grant,1
2220,OR Harney,0
2221,OR Hood River,1
2222,OR Jackson,0
2223,OR Jefferson,1
2224,OR Josephine,0
2225,OR Klamath,0
2226,OR Lake,1
2227,OR Lane,0
2228,OR Lincoln,0
2229,OR Linn,0
2230,OR Malheur,0
2231,OR Marion,0
2232,OR Morrow,0
2233,OR Multnomah,0
2234,OR Polk,0
2235,OR Sherman,1
2236,OR Tillamook,1
2237,OR Umatilla,0
2238,OR Union,0
2239,OR Wallowa,1
2240,OR Wasco,0
2241,OR Washington,0
2242,OR Wheeler,1
2243,OR Yamhill,0
2244,PA Adams,1
2245,PA Allegheny,0
2246,PA Armstrong,1
2247,PA Beaver,0
2248,PA Bedford,1
2249,PA Berks,0
2250,PA Blair,0
2251,PA Bradford,1
2252,PA Bucks,0
2253,PA Butler,0
2254,PA Cambria,0
2255,PA Cameron,0
2256,PA Carbon,0
2257,PA Centre,0
2258,PA Chester,0
2259,PA Clarion,1
2260,PA Clearfield,1
2261,PA Clinton,0
2262,PA Columbia,0
2263,PA Crawford,1
2264,PA Cumberland,0
2265,PA Dauphin,0
2266,PA Delaware,0
2267,PA Elk,1
2268,PA Erie,0
2269,PA Fayette,0
2270,PA Forest,1
2271,PA Franklin,0
2272,PA Fulton,1
2273,PA Greene,1
2274,PA Huntingdon,1
2275,PA Indiana,1
2276,PA Jefferson,1
2277,PA Juniata,1
2278,PA Lackawanna,0
2279,PA Lancaster,0
2280,PA Lawrence,0
2281,PA Lebanon,0
2282,PA Lehigh,0
2283,PA Luzerne,0
2284,PA Lycoming,0
2285,PA McKean,1
2286,PA Mercer,0
2287,PA Mifflin,1
2288,PA Monroe,0
2289,PA Montgomery,0
2290,PA Montour,1
2291,PA Northampton,0
2292,PA Northumberland,0
2293,PA Perry,1
2294,PA Philadelphia,0
2295,PA Pike,1
2296,PA Potter,1
2297,PA Schuylkill,0
2298,PA Snyder,1
2299,PA Somerset,1
2300,PA Sullivan,1
2301,PA Susquehanna,1
2302,PA Tioga,1
2303,PA Union,0
2304,PA Venango,1
2305,PA Warren,1
2306,PA Washington,0
2307,PA Wayne,1
2308,PA Westmoreland,0
2309,PA Wyoming,1
2310,PA York,0
2311,RI Bristol,0
2312,RI Kent,0
2313,RI Newport,0
2314,RI Providence,0
2315,RI Washington,0
2316,SC Abbeville,1
2317,SC Aiken,0
2318,SC Allendale,1
2319,SC Anderson,0
2320,SC Bamberg,1
2321,SC Barnwell,1
2322,SC Beaufort,0
2323,SC Berkeley,0
2324,SC Calhoun,1
2325,SC Charleston,0
2326,SC Cherokee,1
2327,SC Chester,1
2328,SC Chesterfield,1
2329,SC Clarendon,1
2330,SC Colleton,1
2331,SC Darlington,1
2332,SC Dillon,1
2333,SC Dorchester,0
2334,SC Edgefield,1
2335,SC Fairfield,1
2336,SC Florence,0
2337,SC Georgetown,0
2338,SC Greenville,0
2339,SC Greenwood,0
2340,SC Hampton,1
2341,SC Horry,0
2342,SC Jasper,1
2343,SC Kershaw,1
2344,SC Lancaster,0
2345,SC Laurens,1
2346,SC Lee,1
2347,SC Lexington,0
2348,SC McCormick,1
2349,SC Marion,1
2350,SC Marlboro,1
2351,SC Newberry,1
2352,SC Oconee,1
2353,SC Orangeburg,1
2354,SC Pickens,0
2355,SC Richland,0
2356,SC Saluda,1
2357,SC Spartanburg,0
2358,SC Sumter,0
2359,SC Union,1
2360,SC Williamsburg,1
2361,SC York,0
2362,SD Aurora,1
2363,SD Beadle,0
2364,SD Bennett,1
2365,SD Bon Homme,1
2366,SD Brookings,0
2367,SD Brown,0
2368,SD Brule,1
2369,SD Buffalo,1
2370,SD Butte,0
2371,SD Campbell,1
2372,SD Charles Mix,1
2373,SD Clark,1
2374,SD Clay,0
2375,SD Codington,0
2376,SD Corson,1
2377,SD Custer,1
2378,SD Davison,0
2379,SD Day,1
2380,SD Deuel,1
2381,SD Dewey,1
2382,SD Douglas,1
2383,SD Edmunds,1
2384,SD Fall River,0
2385,SD Faulk,1
2386,SD Grant,1
2387,SD Gregory,1
2388,SD Haakon,1
2389,SD Hamlin,1
2390,SD Hand,1
2391,SD Hanson,1
2392,SD Harding,1
2393,SD Hughes,0
2394,SD Hutchinson,1
2395,SD Hyde,1
2396,SD Jackson,1
2397,SD Jerauld,1
2398,SD Jones,1
2399,SD Kingsbury,1
2400,SD Lake,0
2401,SD Lawrence,0
2402,SD Lincoln,0
2403,SD Lyman,1
2404,SD McCook,1
2405,SD McPherson,1
2406,SD Marshall,1
2407,SD Meade,0
2408,SD Mellette,1
2409,SD Miner,1
2410,SD Minnehaha,0
2411,SD Moody,1
2412,SD Oglala Lakota,1
2413,SD Pennington,0
2414,SD Perkins,1
2415,SD Potter,1
2416,SD Roberts,1
2417,SD Sanborn,1
2418,SD Spink,1
2419,SD Stanley,0
2420,SD Sully,1
2421,SD Todd,1
2422,SD Tripp,0
2423,SD Turner,1
2424,SD Union,1
2425,SD Walworth,0
2426,SD Yankton,0
2427,SD Ziebach,1
2428,TN Anderson,0
2429,TN Bedford,1
2430,TN Benton,1
2431,TN Bledsoe,1
2432,TN Blount,0
2433,TN Bradley,0
2434,TN Campbell,1
2435,TN Cannon,1
2436,TN Carroll,1
2437,TN Carter,0
2438,TN Cheatham,1
2439,TN Chester,1
2440,TN Claiborne,1
2441,TN Clay,1
2442,TN Cocke,1
2443,TN Coffee,0
2444,TN Crockett,1
2445,TN Cumberland,1
2446,TN Davidson,0
2447,TN Decatur,1
2448,TN DeKalb,1
2449,TN Dickson,1
2450,TN Dyer,0
2451,TN Fayette,1
2452,TN Fentress,1
2453,TN Franklin,1
2454,TN Gibson,0
2455,TN Giles,1
2456,TN Grainger,1
2457,TN Greene,1
2458,TN Grundy,1
2459,TN Hamblen,0
2460,TN Hamilton,0
2461,TN Hancock,1
2462,TN Hardeman,1
2463,TN Hardin,1
2464,TN Hawkins,1
2465,TN Haywood,0
2466,TN Henderson,1
2467,TN Henry,1
2468,TN Hickman,1
2469,TN Houston,1
2470,TN Humphreys,1
2471,TN Jackson,1
2472,TN Jefferson,1
2473,TN Johnson,1
2474,TN Knox,0
2475,TN Lake,1
2476,TN Lauderdale,1
2477,TN Lawrence,1
2478,TN Lewis,1
2479,TN Lincoln,1
2480,TN Loudon,0
2481,TN McMinn,1
2482,TN McNairy,1
2483,TN Macon,1
2484,TN Madison,0
2485,TN Marion,1
2486,TN Marshall,1
2487,TN Maury,0
2488,TN Meigs,1
2489,TN Monroe,1
2490,TN Montgomery,0
2491,TN Moore,1
2492,TN Morgan,1
2493,TN Obion,1
2494,TN Overton,1
2495,TN Perry,1
2496,TN Pickett,1
2497,TN Polk,1
2498,TN Putnam,0
2499,TN Rhea,1
2500,TN Roane,1
2501,TN Robertson,1
2502,TN Rutherford,0
2503,TN Scott,1
2504,TN Sequatchie,1
2505,TN Sevier,1
2506,TN Shelby,0
2507,TN Smith,1
2508,TN Stewart,1
2509,TN Sullivan,0
2510,TN Sumner,0
2511,TN Tipton,1
2512,TN Trousdale,1
2513,TN Unicoi,0
2514,TN Union,1
2515,TN Van Buren,1
2516,TN Warren,1
2517,TN Washington,0
2518,TN Wayne,1
2519,TN Weakley,1
2520,TN White,1
2521,TN Williamson,0
2522,TN Wilson,0
2523,TX Anderson,1
2524,TX Andrews,0
2525,TX Angelina,0
2526,TX Aransas,0
2527,TX Archer,1
2528,TX Armstrong,1
2529,TX Atascosa,1
2530,TX Austin,1
2531,TX Bailey,0
2532,TX Bandera,1
2533,TX Bastrop,1
2534,TX Baylor,1
2535,TX Bee,0
2536,TX Bell,0
2537,TX Bexar,0
2538,TX Blanco,1
2539,TX Borden,1
2540,TX Bosque,1
2541,TX Bowie,0
2542,TX Brazoria,0
2543,TX Brazos,0
2544,TX Brewster,0
2545,TX Briscoe,1
2546,TX Brooks,0
2547,TX Brown,0
2548,TX Burleson,1
2549,TX Burnet,1
2550,TX Caldwell,0
2551,TX Calhoun,0
2552,TX Callahan,1
2553,TX Cameron,0
2554,TX Camp,1
2555,TX Carson,1
2556,TX Cass,1
2557,TX Castro,0
2558,TX Chambers,0
2559,TX Cherokee,1
2560,TX Childress,0
2561,TX Clay,1
2562,TX Cochran,1
2563,TX Coke,1
2564,TX Coleman,1
2565,TX Collin,0
2566,TX Collingsworth,1
2567,TX Colorado,1
2568,TX Comal,0
2569,TX Comanche,1
2570,TX Concho,1
2571,TX Cooke,1
2572,TX Coryell,0
2573,TX Cottle,1
2574,TX Crane,0
2575,TX Crockett,0
2576,TX Crosby,1
2577,TX Culberson,1
2578,TX Dallam,0
2579,TX Dallas,0
2580,TX Dawson,0
2581,TX Deaf Smith,0
2582,TX Delta,1
2583,TX Denton,0
2584,TX DeWitt,0
2585,TX Dickens,1
2586,TX Dimmit,0
2587,TX Donley,1
2588,TX Duval,1
2589,TX Eastland,1
2590,TX Ector,0
2591,TX Edwards,1
2592,TX Ellis,0
2593,TX El Paso,0
2594,TX Erath,0
2595,TX Falls,1
2596,TX Fannin,1
2597,TX Fayette,1
2598,TX Fisher,1
2599,TX Floyd,1
2600,TX Foard,1
2601,TX Fort Bend,0
2602,TX Franklin,1
2603,TX Freestone,1
2604,TX Frio,0
2605,TX Gaines,1
2606,TX Galveston,0
2607,TX Garza,0
2608,TX Gillespie,1
2609,TX Glasscock,1
2610,TX Goliad,1
2611,TX Gonzales,1
2612,TX Gray,0
2613,TX Grayson,0
2614,TX Gregg,0
2615,TX Grimes,1
2616,TX Guadalupe,0
2617,TX Hale,0
2618,TX Hall,1
2619,TX Hamilton,1
2620,TX Hansford,0
2621,TX Hardeman,1
2622,TX Hardin,1
2623,TX Harris,0
2624,TX Harrison,1
2625,TX Hartley,1
2626,TX Haskell,0
2627,TX Hays,0
2628,TX Hemphill,0
2629,TX Henderson,1
2630,TX Hidalgo,0
2631,TX Hill,1
2632,TX Hockley,0
2633,TX Hood,0
2634,TX Hopkins,1
2635,TX Houston,1
2636,TX Howard,0
2637,TX Hudspeth,1
2638,TX Hunt,1
2639,TX Hutchinson,0
2640,TX Irion,1
2641,TX Jack,1
2642,TX Jackson,1
2643,TX Jasper,1
2644,TX Jeff Davis,1
2645,TX Jefferson,0
2646,TX Jim Hogg,0
2647,TX Jim Wells,0
2648,TX Johnson,0
2649,TX Jones,1
2650,TX Karnes,0
2651,TX Kaufman,0
2652,TX Kendall,1
2653,TX Kenedy,1
2654,TX Kent,1
2655,TX Kerr,0
2656,TX Kimble,0
2657,TX King,1
2658,TX Kinney,0
2659,TX Kleberg,0
2660,TX Knox,1
2661,TX Lamar,0
2662,TX Lamb,1
2663,TX Lampasas,1
2664,TX La Salle,0
2665,TX Lavaca,1
2666,TX Lee,1
2667,TX Leon,1
2668,TX Liberty,1
2669,TX Limestone,1
2670,TX Lipscomb,1
2671,TX Live Oak,1
2672,TX Llano,0
2673,TX Loving,1
2674,TX Lubbock,0
2675,TX Lynn,1
2676,TX McCulloch,0
2677,TX McLennan,0
2678,TX McMullen,1
2679,TX Madison,1
2680,TX Marion,1
2681,TX Martin,1
2682,TX Mason,1
2683,TX Matagorda,0
2684,TX Maverick,0
2685,TX Medina,1
2686,TX Menard,1
2687,TX Midland,0
2688,TX Milam,1
2689,TX Mills,1
2690,TX Mitchell,0
2691,TX Montague,1
2692,TX Montgomery,0
2693,TX Moore,0
2694,TX Morris,1
2695,TX Motley,1
2696,TX Nacogdoches,0
2697,TX Navarro,1
2698,TX Newton,1
2699,TX Nolan,0
2700,TX Nueces,0
2701,TX Ochiltree,0
2702,TX Oldham,1
2703,TX Orange,0
2704,TX Palo Pinto,1
2705,TX Panola,1
2706,TX Parker,1
2707,TX Parmer,1
2708,TX Pecos,0
2709,TX Polk,1
2710,TX Potter,0
2711,TX Presidio,0
2712,TX Rains,1
2713,TX Randall,0
2714,TX Reagan,0
2715,TX Real,1
2716,TX Red River,1
2717,TX Reeves,0
2718,TX Refugio,1
2719,TX Roberts,1
2720,TX Robertson,1
2721,TX Rockwall,0
2722,TX Runnels,0
2723,TX Rusk,1
2724,TX Sabine,1
2725,TX San Augustine,1
2726,TX San Jacinto,1
2727,TX San Patricio,0
2728,TX San Saba,0
2729,TX Schleicher,1
2730,TX Scurry,0
2731,TX Shackelford,1
2732,TX Shelby,1
2733,TX Sherman,1
2734,TX Smith,0
2735,TX Somervell,1
2736,TX Starr,0
2737,TX Stephens,0
2738,TX Sterling,1
2739,TX Stonewall,1
2740,TX Sutton,0
2741,TX Swisher,0
2742,TX Tarrant,0
2743,TX Taylor,0
2744,TX Terrell,1
2745,TX Terry,0
2746,TX Throckmorton,1
2747,TX Titus,1
2748,TX Tom Green,0
2749,TX Travis,0
2750,TX Trinity,1
2751,TX Tyler,1
2752,TX Upshur,1
2753,TX Upton,1
2754,TX Uvalde,0
2755,TX Val Verde,0
2756,TX Van Zandt,1
2757,TX Victoria,0
2758,TX Walker,0
2759,TX Waller,1
2760,TX Ward,0
2761,TX Washington,1
2762,TX Webb,0
2763,TX Wharton,0
2764,TX Wheeler,1
2765,TX Wichita,0
2766,TX Wilbarger,0
2767,TX Willacy,0
2768,TX Williamson,0
2769,TX Wilson,1
2770,TX Winkler,0
2771,TX Wise,1
2772,TX Wood,1
2773,TX Yoakum,0
2774,TX Young,0
2775,TX Zapata,0
2776,TX Zavala,0
2777,UT Beaver,1
2778,UT Box Elder,0
2779,UT Cache,0
2780,UT Carbon,0
2781,UT Daggett,1
2782,UT Davis,0
2783,UT Duchesne,1
2784,UT Emery,1
2785,UT Garfield,1
2786,UT Grand,0
2787,UT Iron,0
2788,UT Juab,0
2789,UT Kane,1
2790,UT Millard,1
2791,UT Morgan,1
2792,UT Piute,1
2793,UT Rich,1
2794,UT Salt Lake,0
2795,UT San Juan,1
2796,UT Sanpete,0
2797,UT Sevier,1
2798,UT Summit,0
2799,UT Tooele,0
2800,UT Uintah,0
2801,UT Utah,0
2802,UT Wasatch,0
2803,UT Washington,0
2804,UT Wayne,1
2805,UT Weber,0
2806,VT Addison,1
2807,VT Bennington,1
2808,VT Caledonia,1
2809,VT Chittenden,0
2810,VT Essex,1
2811,VT Franklin,1
2812,VT Grand Isle,1
2813,VT Lamoille,1
2814,VT Orange,1
2815,VT Orleans,1
2816,VT Rutland,1
2817,VT Washington,1
2818,VT Windham,1
2819,VT Windsor,1
2820,VA Accomack,1
2821,VA Albemarle,0
2822,VA Alleghany,1
2823,VA Amelia,1
2824,VA Amherst,1
2825,VA Appomattox,1
2826,VA Arlington,0
2827,VA Augusta,1
2828,VA Bath,1
2829,VA Bedford City,1
2830,VA Bland,1
2831,VA Botetourt,1
2832,VA Brunswick,1
2833,VA Buchanan,1
2834,VA Buckingham,1
2835,VA Campbell,1
2836,VA Caroline,1
2837,VA Carroll,1
2838,VA Charles City,1
2839,VA Charlotte,1
2840,VA Chesterfield,0
2841,VA Clarke,1
2842,VA Craig,1
2843,VA Culpeper,1
2844,VA Cumberland,1
2845,VA Dickenson,1
2846,VA Dinwiddie,1
2847,VA Essex,1
2848,VA Fairfax,0
2849,VA Fauquier,1
2850,VA Floyd,1
2851,VA Fluvanna,1
2852,VA Franklin,1
2853,VA Frederick,0
2854,VA Giles,1
2855,VA Gloucester,1
2856,VA Goochland,1
2857,VA Grayson,1
2858,VA Greene,1
2859,VA Greensville,1
2860,VA Halifax,1
2861,VA Hanover,0
2862,VA Henrico,0
2863,VA Henry,1
2864,VA Highland,1
2865,VA Isle of Wight,1
2866,VA James City,0
2867,VA King and Queen,1
2868,VA King George,1
2869,VA King William,1
2870,VA Lancaster,1
2871,VA Lee,1
2872,VA Loudoun,0
2873,VA Louisa,1
2874,VA Lunenburg,1
2875,VA Madison,1
2876,VA Mathews,1
2877,VA Mecklenburg,1
2878,VA Middlesex,1
2879,VA Montgomery,0
2880,VA Nelson,1
2881,VA New Kent,1
2882,VA Northampton,1
2883,VA Northumberland,1
2884,VA Nottoway,1
2885,VA Orange,1
2886,VA Page,1
2887,VA Patrick,1
2888,VA Pittsylvania,1
2889,VA Powhatan,1
2890,VA Prince Edward,1
2891,VA Prince George,1
2892,VA Prince William,0
2893,VA Pulaski,0
2894,VA Rappahannock,1
2895,VA Richmond,1
2896,VA Roanoke,0
2897,VA Rockbridge,1
2898,VA Rockingham,1
2899,VA Russell,1
2900,VA Scott,1
2901,VA Shenandoah,1
2902,VA Smyth,1
2903,VA Southampton,1
2904,VA Spotsylvania,0
2905,VA Stafford,0
2906,VA Surry,1
2907,VA Sussex,1
2908,VA Tazewell,1
2909,VA Warren,1
2910,VA Washington,1
2911,VA Westmoreland,1
2912,VA Wise,1
2913,VA Wythe,1
2914,VA York,0
2915,VA Alexandria City,0
2916,VA Anchorage,0
2917,VA Buena Vista City,0
2918,VA Charlottesville City,0
2919,VA Chesapeake City,0
2920,VA Colonial Heights City,0
2921,VA Covington City,0
2922,VA Danville City,0
2923,VA Emporia City,0
2924,VA Fairfax City,0
2925,VA Falls Church City,0
2926,VA Franklin City,0
2927,VA Fredericksburg City,0
2928,VA Galax City,0
2929,VA Hampton City,0
2930,VA Harrisonburg City,0
2931,VA Hopewell City,0
2932,VA Lexington City,0
2933,VA Lynchburg City,0
2934,VA Manassas City,0
2935,VA Manassas Park City,0
2936,VA Martinsville City,0
2937,VA Newport News City,0
2938,VA Norfolk City,0
2939,VA Norton City,0
2940,VA Petersburg City,0
2941,VA Poquoson City,0
2942,VA Portsmouth City,0
2943,VA Radford City,0
2944,VA Richmond City,0
2945,VA Roanoke City,0
2946,VA Salem City,0
2947,VA Staunton City,0
2948,VA Suffolk City,0
2949,VA Virginia Beach City,0
2950,VA Waynesboro City,0
2951,VA Williamsburg City,0
2952,VA Winchester City,0
2953,WA Adams,0
2954,WA Asotin,0
2955,WA Benton,0
2956,WA Chelan,0
2957,WA Clallam,0
2958,WA Clark,0
2959,WA Columbia,0
2960,WA Cowlitz,0
2961,WA Douglas,0
2962,WA Ferry,1
2963,WA Franklin,0
2964,WA Garfield,1
2965,WA Grant,0
2966,WA Grays Harbor,0
2967,WA Island,0
2968,WA Jefferson,1
2969,WA King,0
2970,WA Kitsap,0
2971,WA Kittitas,0
2972,WA Klickitat,1
2973,WA Lewis,1
2974,WA Lincoln,1
2975,WA Mason,1
2976,WA Okanogan,1
2977,WA Pacific,1
2978,WA Pend Oreille,1
2979,WA Pierce,0
2980,WA San Juan,1
2981,WA Skagit,0
2982,WA Skamania,1
2983,WA Snohomish,0
2984,WA Spokane,0
2985,WA Stevens,1
2986,WA Thurston,0
2987,WA Wahkiakum,1
2988,WA Walla Walla,0
2989,WA Whatcom,0
2990,WA Whitman,0
2991,WA Yakima,0
2992,WV Barbour,1
2993,WV Berkeley,0
2994,WV Boone,1
2995,WV Braxton,1
2996,WV Brooke,0
2997,WV Cabell,0
2998,WV Calhoun,1
2999,WV Clay,1
3000,WV Doddridge,1
3001,WV Fayette,1
3002,WV Gilmer,1
3003,WV Grant,1
3004,WV Greenbrier,1
3005,WV Hampshire,1
3006,WV Hancock,0
3007,WV Hardy,1
3008,WV Harrison,0
3009,WV Jackson,1
3010,WV Jefferson,0
3011,WV Kanawha,0
3012,WV Lewis,1
3013,WV Lincoln,1
3014,WV Logan,1
3015,WV McDowell,1
3016,WV Marion,0
3017,WV Marshall,0
3018,WV Mason,1
3019,WV Mercer,0
3020,WV Mineral,1
3021,WV Mingo,1
3022,WV Monongalia,0
3023,WV Monroe,1
3024,WV Morgan,1
3025,WV Nicholas,1
3026,WV Ohio,0
3027,WV Pendleton,1
3028,WV Pleasants,1
3029,WV Pocahontas,1
3030,WV Preston,1
3031,WV Putnam,0
3032,WV Raleigh,0
3033,WV Randolph,1
3034,WV Ritchie,1
3035,WV Roane,1
3036,WV Summers,1
3037,WV Taylor,1
3038,WV Tucker,1
3039,WV Tyler,1
3040,WV Upshur,1
3041,WV Wayne,1
3042,WV Webster,1
3043,WV Wetzel,1
3044,WV Wirt,1
3045,WV Wood,0
3046,WV Wyoming,1
3047,WI Adams,1
3048,WI Ashland,1
3049,WI Barron,1
3050,WI Bayfield,1
3051,WI Brown,0
3052,WI Buffalo,1
3053,WI Burnett,1
3054,WI Calumet,0
3055,WI Chippewa,0
3056,WI Clark,1
3057,WI Columbia,1
3058,WI Crawford,1
3059,WI Dane,0
3060,WI Dodge,0
3061,WI Door,1
3062,WI Douglas,0
3063,WI Dunn,1
3064,WI Eau Claire,0
3065,WI Florence,1
3066,WI Fond du Lac,0
3067,WI Forest,1
3068,WI Grant,1
3069,WI Green,1
3070,WI Green Lake,1
3071,WI Iowa,1
3072,WI Iron,1
3073,WI Jackson,1
3074,WI Jefferson,0
3075,WI Juneau,1
3076,WI Kenosha,0
3077,WI Kewaunee,1
3078,WI La Crosse,0
3079,WI Lafayette,1
3080,WI Langlade,1
3081,WI Lincoln,1
3082,WI Manitowoc,0
3083,WI Marathon,0
3084,WI Marinette,1
3085,WI Marquette,1
3086,WI Menominee,1
3087,WI Milwaukee,0
3088,WI Monroe,1
3089,WI Oconto,1
3090,WI Oneida,1
3091,WI Outagamie,0
3092,WI Ozaukee,0
3093,WI Pepin,1
3094,WI Pierce,1
3095,WI Polk,1
3096,WI Portage,0
3097,WI Price,1
3098,WI Racine,0
3099,WI Richland,1
3100,WI Rock,0
3101,WI Rusk,1
3102,WI Saint Croix,1
3103,WI Sauk,0
3104,WI Sawyer,1
3105,WI Shawano,1
3106,WI Sheboygan,0
3107,WI Taylor,1
3108,WI Trempealeau,1
3109,WI Vernon,1
3110,WI Vilas,1
3111,WI Walworth,0
3112,WI Washburn,1
3113,WI Washington,0
3114,WI Waukesha,0
3115,WI Waupaca,1
3116,WI Waushara,1
3117,WI Winnebago,0
3118,WI Wood,0
3119,WY Albany,0
3120,WY Big Horn,1
3121,WY Campbell,0
3122,WY Carbon,0
3123,WY Converse,1
3124,WY Crook,1
3125,WY Fremont,1
3126,WY Goshen,0
3127,WY Hot Springs,0
3128,WY Johnson,0
3129,WY Laramie,0
3130,WY Lincoln,1
3131,WY Natrona,0
3132,WY Niobrara,1
3133,WY Park,0
3134,WY Platte,1
3135,WY Sheridan,0
3136,WY Sublette,1
3137,WY Sweetwater,0
3138,WY Teton,0
3139,WY Uinta,0
3140,WY Washakie,0
3141,WY Weston,1
